time,queue_bytes,queue_packets,queue_capacity_bytes,queue_delay_ms,arrival_rate_mbps,departure_rate_mbps,throughput_mbps,rtt_ms,packet_loss,packet_drop_rate,dropped_packets,drop_reason
0.0,0.0,0,100000,0.0,9.596,9.596,9.596,20.0,0,0.0,0,None
0.1,0.0,0,100000,0.0,8.934,8.934,8.934,20.0,0,0.0,0,None
0.2,0.0,0,100000,0.0,9.965,9.965,9.965,20.0,0,0.0,0,None
0.3,15255.84,10,100000,12.36,11.091,9.871,9.871,32.21,0,0.0,0,None
0.4,1591.75,1,100000,1.26,9.047,10.14,10.14,20.31,0,0.0,0,None
0.5,0.0,0,100000,0.0,9.099,9.226,9.226,20.11,0,0.0,0,None
0.6,14206.29,9,100000,11.17,11.316,10.179,10.179,31.17,0,0.0,0,None
0.7,17251.68,11,100000,13.63,10.371,10.127,10.127,33.22,0,0.0,0,None
0.8,933.22,0,100000,0.73,8.904,10.21,10.21,21.06,0,0.0,0,None
0.9,3846.42,2,100000,3.11,10.126,9.893,9.893,23.58,0,0.0,0,None
1.0,0.0,0,100000,0.0,8.915,9.223,9.223,20.0,0,0.0,0,None
1.1,0.0,0,100000,0.0,8.899,8.899,8.899,20.0,0,0.0,0,None
1.2,0.0,0,100000,0.0,9.724,9.724,9.724,20.0,0,0.0,0,None
1.3,0.0,0,100000,0.0,7.105,7.105,7.105,20.0,0,0.0,0,None
1.4,0.0,0,100000,0.0,7.289,7.289,7.289,20.41,0,0.0,0,None
1.5,0.0,0,100000,0.0,8.634,8.634,8.634,20.0,0,0.0,0,None
1.6,0.0,0,100000,0.0,8.035,8.035,8.035,20.0,0,0.0,0,None
1.7,0.0,0,100000,0.0,9.562,9.562,9.562,20.0,0,0.0,0,None
1.8,0.0,0,100000,0.0,8.022,8.022,8.022,20.32,0,0.0,0,None
1.9,0.0,0,100000,0.0,7.338,7.338,7.338,20.0,0,0.0,0,None
2.0,7536.12,5,100000,5.97,10.707,10.105,10.105,26.0,0,0.0,0,None
2.1,0.0,0,100000,0.0,8.588,9.191,9.191,20.14,0,0.0,0,None
2.2,0.0,0,100000,0.0,8.847,8.847,8.847,20.68,0,0.0,0,None
2.3,0.0,0,100000,0.0,6.959,6.959,6.959,20.0,0,0.0,0,None
2.4,0.0,0,100000,0.0,7.915,7.915,7.915,20.0,0,0.0,0,None
2.5,0.0,0,100000,0.0,8.599,8.599,8.599,20.09,0,0.0,0,None
2.6,0.0,0,100000,0.0,6.981,6.981,6.981,20.9,0,0.0,0,None
2.7,0.0,0,100000,0.0,8.708,8.708,8.708,20.62,0,0.0,0,None
2.8,0.0,0,100000,0.0,7.432,7.432,7.432,20.1,0,0.0,0,None
2.9,0.0,0,100000,0.0,7.698,7.698,7.698,20.0,0,0.0,0,None
3.0,0.0,0,100000,0.0,7.223,7.223,7.223,20.4,0,0.0,0,None
3.1,5001.25,3,100000,4.14,10.066,9.666,9.666,23.65,0,0.0,0,None
3.2,0.0,0,100000,0.0,7.729,8.129,8.129,20.24,0,0.0,0,None
3.3,0.0,0,100000,0.0,6.38,6.38,6.38,20.25,0,0.0,0,None
3.4,0.0,0,100000,0.0,8.544,8.544,8.544,20.53,0,0.0,0,None
3.5,0.0,0,100000,0.0,6.005,6.005,6.005,21.38,0,0.0,0,None
3.6,0.0,0,100000,0.0,7.638,7.638,7.638,20.2,0,0.0,0,None
3.7,0.0,0,100000,0.0,4.959,4.959,4.959,20.0,0,0.0,0,None
3.8,0.0,0,100000,0.0,5.645,5.645,5.645,20.0,0,0.0,0,None
3.9,0.0,0,100000,0.0,7.411,7.411,7.411,20.0,0,0.0,0,None
4.0,0.0,0,100000,0.0,8.003,8.003,8.003,20.0,0,0.0,0,None
4.1,0.0,0,100000,0.0,7.272,7.272,7.272,20.0,0,0.0,0,None
4.2,0.0,0,100000,0.0,6.885,6.885,6.885,20.0,0,0.0,0,None
4.3,0.0,0,100000,0.0,6.629,6.629,6.629,20.08,0,0.0,0,None
4.4,0.0,0,100000,0.0,5.19,5.19,5.19,20.0,0,0.0,0,None
4.5,0.0,0,100000,0.0,6.083,6.083,6.083,20.56,0,0.0,0,None
4.6,0.0,0,100000,0.0,6.385,6.385,6.385,20.0,0,0.0,0,None
4.7,0.0,0,100000,0.0,8.207,8.207,8.207,20.0,0,0.0,0,None
4.8,0.0,0,100000,0.0,7.361,7.361,7.361,20.0,0,0.0,0,None
4.9,0.0,0,100000,0.0,4.852,4.852,4.852,20.08,0,0.0,0,None
5.01,0.0,0,100000,0.0,7.385,7.385,7.385,20.41,0,0.0,0,None
5.11,0.0,0,100000,0.0,6.572,6.572,6.572,20.0,0,0.0,0,None
5.21,0.0,0,100000,0.0,6.269,6.269,6.269,20.0,0,0.0,0,None
5.31,0.0,0,100000,0.0,7.871,7.871,7.871,20.0,0,0.0,0,None
5.41,0.0,0,100000,0.0,8.44,8.44,8.44,20.0,0,0.0,0,None
5.51,0.0,0,100000,0.0,8.394,8.394,8.394,20.0,0,0.0,0,None
5.61,0.0,0,100000,0.0,6.353,6.353,6.353,20.0,0,0.0,0,None
5.71,0.0,0,100000,0.0,7.08,7.08,7.08,20.44,0,0.0,0,None
5.81,0.0,0,100000,0.0,7.948,7.948,7.948,20.13,0,0.0,0,None
5.91,0.0,0,100000,0.0,8.828,8.828,8.828,20.1,0,0.0,0,None
6.01,0.0,0,100000,0.0,7.197,7.197,7.197,20.43,0,0.0,0,None
6.11,0.0,0,100000,0.0,7.67,7.67,7.67,20.0,0,0.0,0,None
6.21,0.0,0,100000,0.0,6.693,6.693,6.693,20.2,0,0.0,0,None
6.31,0.0,0,100000,0.0,6.719,6.719,6.719,20.0,0,0.0,0,None
6.41,0.0,0,100000,0.0,9.269,9.269,9.269,20.13,0,0.0,0,None
6.51,3615.98,2,100000,2.96,10.065,9.776,9.776,22.67,0,0.0,0,None
6.61,0.0,0,100000,0.0,8.5,8.789,8.789,20.0,0,0.0,0,None
6.71,0.0,0,100000,0.0,9.942,9.942,9.942,20.0,0,0.0,0,None
6.81,0.0,0,100000,0.0,9.327,9.327,9.327,20.71,0,0.0,0,None
6.91,0.0,0,100000,0.0,8.276,8.276,8.276,20.46,0,0.0,0,None
7.01,0.0,0,100000,0.0,9.643,9.643,9.643,20.48,0,0.0,0,None
7.11,14000.98,9,100000,11.09,11.215,10.095,10.095,31.71,0,0.0,0,None
7.21,7399.7,4,100000,5.91,9.487,10.015,10.015,25.96,0,0.0,0,None
7.31,30205.01,20,100000,24.8,11.568,9.743,9.743,44.9,0,0.0,0,None
7.41,0.0,0,100000,0.0,6.705,9.122,9.122,20.0,0,0.0,0,None
7.51,13639.59,9,100000,11.02,10.992,9.901,9.901,30.86,0,0.0,0,None
7.61,20843.77,13,100000,17.21,10.265,9.689,9.689,37.52,0,0.0,0,None
7.71,21324.99,14,100000,17.21,9.953,9.914,9.914,37.81,0,0.0,0,None
7.81,24684.26,16,100000,19.17,10.569,10.3,10.3,39.1,0,0.0,0,None
7.91,259.42,0,100000,0.2,8.216,10.17,10.17,20.0,0,0.0,0,None
8.01,7061.75,4,100000,5.69,10.474,9.93,9.93,25.69,0,0.0,0,None
8.11,24152.31,16,100000,19.46,11.297,9.93,9.93,39.76,0,0.0,0,None
8.21,59535.52,39,100000,47.94,12.766,9.936,9.936,67.21,0,0.0,0,None
8.31,60437.19,40,100000,46.42,10.487,10.415,10.415,65.27,0,0.0,0,None
8.41,62578.43,41,100000,49.68,10.248,10.076,10.076,69.41,0,0.0,0,None
8.51,70447.75,46,100000,55.88,10.716,10.086,10.086,75.27,0,0.0,0,None
8.61,99205.33,66,100000,77.76,12.507,10.206,10.206,97.51,0,0.0,0,None
8.71,100000.0,66,100000,79.62,11.883,10.048,8.526,99.55,1,0.1515,15,Queue Overflow (Tail Drop)
8.81,100000.0,66,100000,80.42,10.924,9.948,8.965,100.19,1,0.0989,9,Queue Overflow (Tail Drop)
8.91,100000.0,66,100000,80.32,12.235,9.961,8.104,101.04,1,0.1864,19,Queue Overflow (Tail Drop)
9.01,100000.0,66,100000,80.11,11.784,9.986,8.46,100.28,1,0.1528,15,Queue Overflow (Tail Drop)
9.11,100000.0,66,100000,80.06,12.866,9.993,7.756,100.21,1,0.2238,24,Queue Overflow (Tail Drop)
9.21,100000.0,66,100000,78.85,10.886,10.146,9.363,99.16,1,0.0772,7,Queue Overflow (Tail Drop)
9.31,100000.0,66,100000,79.92,11.347,10.01,8.74,99.35,1,0.1269,12,Queue Overflow (Tail Drop)
9.41,100000.0,66,100000,78.84,11.269,10.147,9.066,99.36,1,0.1065,10,Queue Overflow (Tail Drop)
9.51,99829.44,66,100000,79.99,9.97,9.984,9.984,99.95,0,0.0,0,None
9.61,100000.0,66,100000,79.87,12.055,10.016,8.321,100.21,1,0.1692,17,Queue Overflow (Tail Drop)
9.71,100000.0,66,100000,83.33,11.973,9.6,7.676,102.79,1,0.2004,20,Queue Overflow (Tail Drop)
9.81,100000.0,66,100000,78.56,11.613,10.183,8.921,97.78,1,0.124,12,Queue Overflow (Tail Drop)
9.91,100000.0,66,100000,79.45,11.259,10.069,8.996,99.86,1,0.1066,10,Queue Overflow (Tail Drop)
10.01,94525.45,63,100000,74.14,9.762,10.2,10.2,94.33,0,0.0,0,None
10.11,100000.0,66,100000,84.92,10.862,9.421,8.484,104.47,1,0.0994,9,Queue Overflow (Tail Drop)
10.21,100000.0,66,100000,76.79,10.848,10.418,9.957,96.36,1,0.0442,4,Queue Overflow (Tail Drop)
10.31,100000.0,66,100000,80.22,10.177,9.972,9.737,100.79,1,0.0236,2,Queue Overflow (Tail Drop)
10.41,100000.0,66,100000,78.27,10.813,10.222,9.654,97.67,1,0.0555,5,Queue Overflow (Tail Drop)
10.51,100000.0,66,100000,81.7,11.345,9.792,8.446,102.52,1,0.1375,13,Queue Overflow (Tail Drop)
10.61,100000.0,66,100000,79.03,12.966,10.123,7.874,98.58,1,0.2221,24,Queue Overflow (Tail Drop)
10.71,100000.0,66,100000,81.72,10.741,9.789,8.914,102.04,1,0.0894,8,Queue Overflow (Tail Drop)
10.81,100000.0,66,100000,81.01,10.658,9.875,9.097,100.85,1,0.0788,7,Queue Overflow (Tail Drop)
10.91,96036.59,64,100000,74.0,10.066,10.383,10.383,94.3,0,0.0,0,None
11.01,67108.03,44,100000,53.89,7.648,9.962,9.962,73.62,0,0.0,0,None
11.11,62849.46,41,100000,50.06,9.703,10.043,10.043,69.98,0,0.0,0,None
11.21,55441.94,36,100000,43.59,9.581,10.174,10.174,63.62,0,0.0,0,None
11.31,82079.06,54,100000,65.02,12.23,10.099,10.099,84.52,0,0.0,0,None
11.41,66698.28,44,100000,53.2,8.8,10.03,10.03,73.57,0,0.0,0,None
11.51,55040.07,36,100000,43.71,9.14,10.073,10.073,63.46,0,0.0,0,None
11.61,29997.68,19,100000,22.9,8.477,10.481,10.481,42.78,0,0.0,0,None
11.71,0.0,0,100000,0.0,6.85,9.25,9.25,20.0,0,0.0,0,None
11.81,0.0,0,100000,0.0,9.351,9.351,9.351,20.0,0,0.0,0,None
11.91,0.0,0,100000,0.0,8.604,8.604,8.604,20.0,0,0.0,0,None
12.01,0.0,0,100000,0.0,8.369,8.369,8.369,21.21,0,0.0,0,None
12.11,0.0,0,100000,0.0,6.041,6.041,6.041,20.39,0,0.0,0,None
12.21,0.0,0,100000,0.0,8.526,8.526,8.526,20.0,0,0.0,0,None
12.31,0.0,0,100000,0.0,4.869,4.869,4.869,20.0,0,0.0,0,None
12.41,0.0,0,100000,0.0,6.962,6.962,6.962,20.01,0,0.0,0,None
12.51,0.0,0,100000,0.0,8.592,8.592,8.592,20.27,0,0.0,0,None
12.61,0.0,0,100000,0.0,4.48,4.48,4.48,20.0,0,0.0,0,None
12.71,0.0,0,100000,0.0,4.696,4.696,4.696,20.56,0,0.0,0,None
12.81,0.0,0,100000,0.0,5.204,5.204,5.204,20.36,0,0.0,0,None
12.91,0.0,0,100000,0.0,4.191,4.191,4.191,20.36,0,0.0,0,None
13.01,0.0,0,100000,0.0,2.649,2.649,2.649,20.22,0,0.0,0,None
13.11,0.0,0,100000,0.0,4.31,4.31,4.31,20.01,0,0.0,0,None
13.21,0.0,0,100000,0.0,2.677,2.677,2.677,20.34,0,0.0,0,None
13.31,0.0,0,100000,0.0,4.249,4.249,4.249,20.3,0,0.0,0,None
13.41,0.0,0,100000,0.0,2.312,2.312,2.312,20.0,0,0.0,0,None
13.51,0.0,0,100000,0.0,5.018,5.018,5.018,20.0,0,0.0,0,None
13.61,0.0,0,100000,0.0,1.968,1.968,1.968,20.05,0,0.0,0,None
13.71,0.0,0,100000,0.0,2.28,2.28,2.28,20.77,0,0.0,0,None
13.81,0.0,0,100000,0.0,3.41,3.41,3.41,20.0,0,0.0,0,None
13.91,0.0,0,100000,0.0,0.734,0.734,0.734,20.0,0,0.0,0,None
14.01,0.0,0,100000,0.0,2.271,2.271,2.271,20.08,0,0.0,0,None
14.11,0.0,0,100000,0.0,3.364,3.364,3.364,20.03,0,0.0,0,None
14.21,0.0,0,100000,0.0,0.5,0.5,0.5,20.09,0,0.0,0,None
14.31,0.0,0,100000,0.0,1.646,1.646,1.646,20.12,0,0.0,0,None
14.41,0.0,0,100000,0.0,1.569,1.569,1.569,20.0,0,0.0,0,None
14.51,0.0,0,100000,0.0,2.04,2.04,2.04,20.74,0,0.0,0,None
14.61,0.0,0,100000,0.0,0.5,0.5,0.5,20.0,0,0.0,0,None
14.71,0.0,0,100000,0.0,0.5,0.5,0.5,20.0,0,0.0,0,None
14.81,0.0,0,100000,0.0,1.339,1.339,1.339,20.0,0,0.0,0,None
14.91,0.0,0,100000,0.0,0.965,0.965,0.965,20.0,0,0.0,0,None
15.02,0.0,0,100000,0.0,5.819,5.819,5.819,20.0,0,0.0,0,None
15.12,0.0,0,100000,0.0,5.858,5.858,5.858,20.83,0,0.0,0,None
15.22,0.0,0,100000,0.0,4.563,4.563,4.563,20.01,0,0.0,0,None
15.32,0.0,0,100000,0.0,5.607,5.607,5.607,20.12,0,0.0,0,None
15.42,0.0,0,100000,0.0,5.644,5.644,5.644,20.0,0,0.0,0,None
15.52,0.0,0,100000,0.0,4.412,4.412,4.412,20.0,0,0.0,0,None
15.62,0.0,0,100000,0.0,7.498,7.498,7.498,20.0,0,0.0,0,None
15.72,0.0,0,100000,0.0,5.83,5.83,5.83,20.0,0,0.0,0,None
15.82,0.0,0,100000,0.0,3.847,3.847,3.847,20.64,0,0.0,0,None
15.92,0.0,0,100000,0.0,6.092,6.092,6.092,20.28,0,0.0,0,None
16.02,0.0,0,100000,0.0,4.174,4.174,4.174,20.0,0,0.0,0,None
16.12,0.0,0,100000,0.0,6.34,6.34,6.34,20.12,0,0.0,0,None
16.22,0.0,0,100000,0.0,6.848,6.848,6.848,20.25,0,0.0,0,None
16.32,0.0,0,100000,0.0,4.546,4.546,4.546,20.57,0,0.0,0,None
16.42,0.0,0,100000,0.0,6.77,6.77,6.77,20.79,0,0.0,0,None
16.52,0.0,0,100000,0.0,6.202,6.202,6.202,20.0,0,0.0,0,None
16.62,0.0,0,100000,0.0,6.795,6.795,6.795,20.0,0,0.0,0,None
16.72,0.0,0,100000,0.0,8.195,8.195,8.195,20.0,0,0.0,0,None
16.82,0.0,0,100000,0.0,5.743,5.743,5.743,20.0,0,0.0,0,None
16.92,0.0,0,100000,0.0,5.259,5.259,5.259,20.23,0,0.0,0,None
17.02,0.0,0,100000,0.0,5.228,5.228,5.228,20.49,0,0.0,0,None
17.12,0.0,0,100000,0.0,5.455,5.455,5.455,20.0,0,0.0,0,None
17.22,0.0,0,100000,0.0,6.485,6.485,6.485,20.0,0,0.0,0,None
17.32,0.0,0,100000,0.0,7.135,7.135,7.135,20.08,0,0.0,0,None
17.42,0.0,0,100000,0.0,7.21,7.21,7.21,20.0,0,0.0,0,None
17.52,0.0,0,100000,0.0,8.026,8.026,8.026,21.04,0,0.0,0,None
17.62,0.0,0,100000,0.0,7.206,7.206,7.206,20.0,0,0.0,0,None
17.72,0.0,0,100000,0.0,9.094,9.094,9.094,20.09,0,0.0,0,None
17.82,0.0,0,100000,0.0,7.192,7.192,7.192,21.01,0,0.0,0,None
17.92,14439.52,9,100000,11.81,10.934,9.779,9.779,31.82,0,0.0,0,None
18.02,0.0,0,100000,0.0,8.581,9.736,9.736,20.0,0,0.0,0,None
18.12,0.0,0,100000,0.0,6.96,6.96,6.96,20.0,0,0.0,0,None
18.22,0.0,0,100000,0.0,6.861,6.861,6.861,20.0,0,0.0,0,None
18.32,0.0,0,100000,0.0,8.879,8.879,8.879,20.69,0,0.0,0,None
18.42,0.0,0,100000,0.0,8.183,8.183,8.183,20.0,0,0.0,0,None
18.52,0.0,0,100000,0.0,9.455,9.455,9.455,20.77,0,0.0,0,None
18.62,0.0,0,100000,0.0,9.309,9.309,9.309,20.0,0,0.0,0,None
18.72,0.0,0,100000,0.0,8.792,8.792,8.792,20.0,0,0.0,0,None
18.82,0.0,0,100000,0.0,7.996,7.996,7.996,20.0,0,0.0,0,None
18.92,0.0,0,100000,0.0,7.32,7.32,7.32,20.29,0,0.0,0,None
19.02,0.0,0,100000,0.0,8.722,8.722,8.722,20.0,0,0.0,0,None
19.12,8308.19,5,100000,6.83,10.398,9.733,9.733,27.06,0,0.0,0,None
19.22,6464.9,4,100000,5.23,9.732,9.88,9.88,26.25,0,0.0,0,None
19.32,0.0,0,100000,0.0,8.078,8.595,8.595,20.0,0,0.0,0,None
19.42,2353.93,1,100000,1.95,9.87,9.681,9.681,22.04,0,0.0,0,None
19.52,3815.36,2,100000,3.03,10.205,10.088,10.088,22.69,0,0.0,0,None
19.62,0.0,0,100000,0.0,8.754,9.059,9.059,20.21,0,0.0,0,None
19.72,0.0,0,100000,0.0,10.062,10.062,10.062,20.01,0,0.0,0,None
19.82,0.0,0,100000,0.0,10.002,10.002,10.002,20.0,0,0.0,0,None
19.92,0.0,0,100000,0.0,8.605,8.605,8.605,20.24,0,0.0,0,None
