time,queue,rtt,throughput,packet_rate,loss
0.0,5,0.023819,83.24,6653,0.0
0.01,4,0.02164,83.9,6749,0.0
0.02,4,0.021362,78.45,6277,0.0
0.03,5,0.022269,80.0,6347,0.0
0.04,5,0.022244,80.39,6369,0.0
0.05,3,0.022587,78.4,6197,0.0
0.06,5,0.021004,81.26,6573,0.0
0.07,4,0.02132,79.52,6401,0.0
0.08,6,0.021283,77.86,6223,0.0
0.09,7,0.021788,79.44,6332,0.0
0.1,2,0.021177,78.0,6211,0.0
0.11,5,0.02281,82.07,6620,0.0
0.12,5,0.021351,83.8,6799,0.0
0.13,6,0.023172,80.49,6408,0.0
0.14,4,0.022712,80.22,6474,0.0
0.15,6,0.024335,80.3,6425,0.0
0.16,6,0.02247,82.36,6578,0.0
0.17,1,0.02,82.32,6660,0.0
0.18,7,0.021798,79.77,6381,0.0
0.19,2,0.02,80.5,6454,0.0
0.2,11,0.02565,81.3,6516,0.0
0.21,4,0.020085,77.72,6136,0.0
0.22,3,0.022418,82.42,6608,0.0
0.23,8,0.022332,83.47,6649,0.0
0.24,3,0.020515,82.33,6515,0.0
0.25,3,0.021048,77.51,6174,0.0
0.26,5,0.021296,76.06,6058,0.0
0.27,8,0.024132,81.42,6565,0.0
0.28,3,0.023013,78.48,6225,0.0
0.29,2,0.020143,80.57,6406,0.0
0.3,5,0.021568,83.07,6657,0.0
0.31,3,0.021037,78.68,6228,0.0
0.32,8,0.023741,79.24,6306,0.0
0.33,10,0.023847,80.55,6360,0.0
0.34,3,0.022587,77.4,6238,0.0
0.35,2,0.021947,78.48,6263,0.0
0.36,5,0.020815,80.04,6402,0.0
0.37,7,0.023321,79.39,6397,0.0
0.38,6,0.02392,81.21,6460,0.0
0.39,6,0.021905,85.53,6826,0.0
0.4,2,0.020506,80.19,6362,0.0
0.41,4,0.021072,78.31,6211,0.0
0.42,9,0.023093,82.83,6580,0.0
0.43,7,0.021132,76.81,6120,0.0
0.44,11,0.023072,77.21,6157,0.0
0.45,8,0.023277,78.8,6318,0.0
0.46,3,0.022714,79.42,6309,0.0
0.47,2,0.020187,78.75,6315,0.0
0.48,3,0.020557,79.92,6417,0.0
0.49,4,0.023302,80.54,6419,0.0
0.5,5,0.020892,82.12,6529,0.0
0.51,5,0.020339,80.17,6417,0.0
0.52,4,0.020771,78.86,6298,0.0
0.53,3,0.020537,82.01,6571,0.0
0.54,8,0.021453,78.34,6345,0.0
0.55,2,0.020672,76.71,6140,0.0
0.56,1,0.021348,82.39,6559,0.0
0.57,4,0.020314,82.26,6536,0.0
0.58,5,0.022088,78.39,6228,0.0
0.59,4,0.021996,79.17,6260,0.0
0.6,3,0.021117,78.13,6297,0.0
0.61,4,0.021786,80.62,6337,0.0
0.62,8,0.023397,83.43,6698,0.0
0.63,2,0.02,81.36,6465,0.0
0.64,2,0.022299,82.03,6536,0.0
0.65,2,0.022048,81.59,6482,0.0
0.66,7,0.02399,79.95,6468,0.0
0.67,6,0.023414,82.11,6569,0.0
0.68,7,0.021225,81.43,6553,0.0
0.69,6,0.023326,82.81,6689,0.0
0.7,7,0.023456,79.01,6328,0.0
0.71,6,0.020863,76.45,6056,0.0
0.72,4,0.021385,82.01,6549,0.0
0.73,2,0.021077,80.61,6411,0.0
0.74,3,0.022864,79.32,6320,0.0
0.75,4,0.022325,79.42,6348,0.0
0.76,7,0.021935,85.0,6793,0.0
0.77,4,0.023295,78.6,6308,0.0
0.78,3,0.021244,78.17,6281,0.0
0.79,2,0.020544,80.04,6396,0.0
0.8,6,0.022073,82.22,6597,0.0
0.81,3,0.02,84.41,6725,0.0
0.82,5,0.02189,81.16,6558,0.0
0.83,9,0.024097,77.29,6154,0.0
0.84,6,0.022015,83.76,6760,0.0
0.85,6,0.02282,79.77,6307,0.0
0.86,9,0.022736,78.12,6230,0.0
0.87,4,0.021459,77.62,6193,0.0
0.88,9,0.023917,81.44,6529,0.0
0.89,2,0.02099,80.23,6461,0.0
0.9,10,0.022395,80.42,6371,0.0
0.91,6,0.021961,82.29,6527,0.0
0.92,10,0.025677,78.09,6177,0.0
0.93,5,0.021508,82.41,6658,0.0
0.94,2,0.020816,78.62,6304,0.0
0.95,7,0.022713,83.96,6662,0.0
0.96,9,0.025168,80.81,6442,0.0
0.97,7,0.02409,77.74,6278,0.0
0.98,3,0.022008,75.51,6026,0.0
0.99,4,0.020627,81.15,6475,0.0
1.0,6,0.022759,78.75,6260,0.0
1.01,4,0.022168,79.16,6281,0.0
1.02,4,0.020901,80.97,6536,0.0
1.03,6,0.021529,81.42,6597,0.0
1.04,8,0.024905,81.81,6495,0.0
1.05,7,0.022499,76.98,6228,0.0
1.06,5,0.023615,82.14,6546,0.0
1.07,7,0.023797,78.09,6273,0.0
1.08,5,0.022408,74.69,6045,0.0
1.09,5,0.022453,76.8,6136,0.0
1.1,8,0.0218,79.54,6346,0.0
1.11,8,0.023407,77.1,6208,0.0
1.12,9,0.025017,78.83,6250,0.0
1.13,5,0.022681,79.62,6426,0.0
1.14,7,0.022954,78.52,6288,0.0
1.15,10,0.025712,77.84,6198,0.0
1.16,10,0.023815,76.26,6070,0.0
1.17,9,0.02298,78.74,6230,0.0
1.18,8,0.023354,74.49,5932,0.0
1.19,7,0.023566,77.17,6160,0.0
1.2,8,0.021482,76.61,6075,0.0
1.21,12,0.025085,77.91,6230,0.0
1.22,12,0.02561,77.87,6253,0.0
1.23,11,0.02413,80.13,6399,0.0
1.24,12,0.025907,81.29,6536,0.0
1.25,13,0.025841,75.79,6022,0.0
1.26,14,0.027741,81.91,6602,0.0
1.27,13,0.024449,76.26,6106,0.0
1.28,10,0.024831,78.05,6321,0.0
1.29,15,0.024983,78.61,6409,0.0
1.3,13,0.023585,82.36,6565,0.0
1.31,13,0.023164,76.27,6080,0.0
1.32,16,0.026938,73.63,5878,0.0
1.33,13,0.025384,80.07,6435,0.0
1.34,19,0.027121,75.28,6088,0.0
1.35,14,0.023826,76.08,6053,0.0
1.36,16,0.02571,74.42,5972,0.0
1.37,13,0.025204,75.78,6055,0.0
1.38,18,0.027993,74.66,6003,0.0
1.39,15,0.025983,77.52,6277,0.0
1.4,19,0.027852,76.16,6080,0.0
1.41,15,0.025624,74.46,5873,0.0
1.42,17,0.028549,77.63,6247,0.0
1.43,20,0.026982,75.95,6034,0.0
1.44,18,0.026501,71.55,5716,0.0
1.45,20,0.027508,76.88,6189,0.0
1.46,22,0.029343,75.2,6030,0.0
1.47,23,0.028161,77.39,6186,0.0
1.48,21,0.028536,74.63,5941,0.0
1.49,22,0.028965,72.57,5660,0.0
1.5,24,0.028906,73.5,5914,0.0
1.51,26,0.03073,75.27,6008,0.0
1.52,25,0.028992,71.87,5825,0.0
1.53,24,0.028483,72.27,5801,0.0
1.54,29,0.0317,72.43,5767,0.0
1.55,30,0.03034,70.3,5677,0.0
1.56,33,0.031055,70.8,5721,0.0
1.57,27,0.031333,72.37,5778,0.0
1.58,33,0.034249,74.12,5989,0.0
1.59,30,0.031533,72.05,5736,0.0
1.6,34,0.032932,71.0,5687,0.0
1.61,32,0.033806,69.11,5557,0.0
1.62,37,0.033654,72.63,5849,0.0
1.63,37,0.033437,70.96,5707,0.0
1.64,37,0.035508,68.33,5449,0.0
1.65,40,0.036009,71.19,5749,0.0
1.66,42,0.037865,70.15,5605,0.0
1.67,40,0.03386,67.03,5333,0.0
1.68,43,0.035799,68.07,5417,0.0
1.69,48,0.039214,66.9,5448,0.0
1.7,45,0.038418,72.76,5783,0.0
1.71,53,0.042047,68.15,5516,0.0
1.72,48,0.039375,67.05,5307,0.0
1.73,50,0.040165,67.2,5400,0.0
1.74,57,0.042411,68.58,5501,0.0
1.75,51,0.041991,65.22,5298,0.0
1.76,54,0.040497,63.77,5068,0.0
1.77,58,0.043559,66.19,5248,0.0
1.78,58,0.042212,63.69,5089,0.0
1.79,64,0.046135,61.44,4998,0.0
1.8,60,0.042963,60.58,4802,0.0
1.81,59,0.044344,65.69,5125,0.0
1.82,62,0.044912,62.42,4996,0.0
1.83,66,0.048145,60.48,4885,0.0
1.84,70,0.047719,60.7,4805,0.0
1.85,68,0.047625,62.28,5024,0.0
1.86,69,0.04682,59.58,4714,0.0
1.87,75,0.049712,56.76,4533,0.0
1.88,75,0.050106,59.79,4820,0.0
1.89,79,0.050073,61.04,4823,0.0
1.9,76,0.048982,60.38,4839,0.0
1.91,77,0.0514,56.45,4576,0.0
1.92,81,0.052254,59.58,4790,0.0
1.93,89,0.055007,56.93,4518,0.0
1.94,87,0.054063,58.45,4751,0.0
1.95,85,0.053302,56.57,4558,0.0
1.96,86,0.054513,51.84,4054,0.0
1.97,93,0.057645,57.84,4670,0.0
1.98,95,0.055908,53.9,4283,0.0
1.99,92,0.058213,54.41,4362,0.0
2.0,93,0.058542,50.02,4052,0.0
2.01,98,0.056869,53.17,4226,0.046
2.02,96,0.059486,53.82,4223,0.0
2.03,103,0.062255,54.94,4470,0.5633
2.04,103,0.0612,53.33,4324,0.757
2.05,105,0.060703,51.09,4082,0.8764
2.06,107,0.063815,46.36,3751,1.3388
2.07,104,0.061359,49.18,3915,0.7796
2.08,115,0.066549,47.19,3780,2.6618
2.09,109,0.065819,48.32,3858,1.7603
2.1,113,0.065452,44.89,3574,2.1887
2.11,114,0.064683,46.38,3728,2.2754
2.12,117,0.066464,45.25,3559,2.7313
2.13,118,0.066411,44.68,3561,3.1029
2.14,120,0.068433,44.2,3551,3.1641
2.15,123,0.068394,44.51,3652,3.5545
2.16,120,0.067527,44.86,3530,3.0423
2.17,123,0.067916,38.81,3130,3.6833
2.18,124,0.069468,38.58,3117,3.8411
2.19,128,0.071377,42.19,3281,4.6205
2.2,129,0.068915,42.02,3382,4.4606
2.21,133,0.07346,42.34,3431,5.1405
2.22,135,0.073954,40.08,3235,5.6542
2.23,131,0.071635,41.12,3285,5.0618
2.24,137,0.076829,40.94,3291,5.7423
2.25,139,0.076558,38.82,3114,6.0796
2.26,135,0.072904,41.92,3269,5.4016
2.27,141,0.077238,39.87,3199,6.6163
2.28,141,0.077644,40.25,3201,6.2093
2.29,144,0.077732,38.94,3079,7.0669
2.3,144,0.077961,42.67,3537,6.9419
2.31,144,0.077938,39.33,3209,6.8658
2.32,146,0.076314,36.85,2890,6.9163
2.33,146,0.078213,39.17,3150,7.1378
2.34,146,0.078161,33.97,2790,7.1039
2.35,150,0.08143,37.22,2902,7.5806
2.36,145,0.078334,37.37,2993,7.0782
2.37,153,0.080902,36.76,2947,8.4356
2.38,149,0.07951,35.61,2785,7.6311
2.39,151,0.081423,34.05,2742,8.0074
2.4,150,0.079815,34.31,2800,7.5342
2.41,154,0.080902,35.93,2949,8.3088
2.42,150,0.079724,33.35,2655,7.5582
2.43,153,0.082141,38.98,3243,8.2564
2.44,158,0.083696,30.04,2300,9.1692
2.45,156,0.082444,34.58,2784,8.7309
2.46,156,0.082592,35.36,2758,8.4384
2.47,159,0.08304,36.1,2892,9.0273
2.48,150,0.079806,33.2,2629,7.7753
2.49,154,0.080937,37.28,3007,8.3016
2.5,153,0.080905,32.21,2570,8.3668
2.51,157,0.084146,33.88,2669,8.9573
2.52,156,0.081322,36.28,2864,8.7059
2.53,152,0.080111,37.16,3069,7.9867
2.54,150,0.078746,32.34,2609,7.6277
2.55,154,0.080129,40.51,3155,8.1529
2.56,151,0.080213,33.53,2709,7.8274
2.57,154,0.080982,32.81,2615,8.3066
2.58,151,0.082162,36.58,2926,7.9879
2.59,151,0.080117,35.03,2843,7.9791
2.6,152,0.082089,34.9,2851,7.8351
2.61,154,0.082568,37.27,2938,8.2976
2.62,152,0.080591,33.22,2656,7.8909
2.63,150,0.08211,33.09,2619,7.5784
2.64,148,0.079469,35.54,2873,7.6137
2.65,149,0.081113,39.14,3119,7.371
2.66,150,0.081397,36.14,2892,7.7096
2.67,145,0.078415,40.73,3244,6.8341
2.68,143,0.077951,40.23,3213,6.8897
2.69,141,0.077024,38.7,3181,6.4285
2.7,141,0.075256,39.14,3250,6.2657
2.71,146,0.078457,39.36,3167,7.1512
2.72,141,0.077474,39.47,3152,6.5157
2.73,138,0.076726,38.79,3023,6.1791
2.74,140,0.075279,39.4,3113,6.1102
2.75,140,0.076529,38.15,3045,6.4431
2.76,135,0.074151,36.27,2865,5.7172
2.77,133,0.073082,43.31,3434,5.4082
2.78,136,0.074756,41.85,3426,5.7177
2.79,131,0.072618,41.98,3359,4.9649
2.8,130,0.072541,43.21,3462,4.7016
2.81,129,0.073042,41.21,3263,4.7262
2.82,129,0.072384,41.33,3365,4.6156
2.83,122,0.069111,43.24,3448,3.6387
2.84,120,0.069865,47.03,3736,3.2142
2.85,124,0.07071,42.44,3316,3.9657
2.86,120,0.067908,40.02,3198,3.4122
2.87,118,0.065983,44.74,3551,2.7732
2.88,116,0.065412,48.57,3969,2.8165
2.89,113,0.066133,43.34,3559,2.2201
2.9,116,0.06577,44.96,3535,2.8223
2.91,114,0.064592,48.38,3814,2.3157
2.92,106,0.061642,53.52,4267,1.0895
2.93,105,0.061313,46.19,3654,1.2075
2.94,105,0.062851,46.65,3742,0.8756
2.95,106,0.062243,50.66,4036,1.3221
2.96,102,0.059428,52.94,4249,0.542
2.97,102,0.060831,49.82,4036,0.557
2.98,102,0.061022,48.37,3816,0.4542
2.99,99,0.059121,53.03,4292,0.1365
3.0,95,0.059156,53.94,4278,0.0
3.01,91,0.055979,56.81,4652,0.0
3.02,88,0.056308,55.11,4489,0.0
3.03,92,0.057397,56.0,4474,0.0
3.04,87,0.055727,54.36,4300,0.0
3.05,82,0.051701,60.31,4767,0.0
3.06,86,0.054498,55.17,4457,0.0
3.07,83,0.053147,55.28,4420,0.0
3.08,84,0.052178,60.66,4899,0.0
3.09,79,0.052705,54.62,4479,0.0
3.1,77,0.049983,54.4,4313,0.0
3.11,81,0.05179,58.86,4647,0.0
3.12,76,0.049387,59.14,4740,0.0
3.13,71,0.049101,59.2,4793,0.0
3.14,74,0.048074,62.15,4924,0.0
3.15,69,0.048218,58.85,4709,0.0
3.16,67,0.047845,61.3,4972,0.0
3.17,66,0.046937,60.94,4793,0.0
3.18,61,0.045113,60.37,4841,0.0
3.19,60,0.04476,62.51,4973,0.0
3.2,60,0.043051,64.82,5191,0.0
3.21,63,0.046635,67.82,5461,0.0
3.22,53,0.04074,65.2,5227,0.0
3.23,56,0.042334,59.48,4707,0.0
3.24,55,0.041667,64.87,5164,0.0
3.25,53,0.041692,65.49,5310,0.0
3.26,52,0.040262,67.7,5432,0.0
3.27,49,0.039667,66.62,5371,0.0
3.28,53,0.039965,69.18,5546,0.0
3.29,49,0.040765,67.87,5470,0.0
3.3,43,0.037871,70.61,5628,0.0
3.31,46,0.038108,67.01,5322,0.0
3.32,45,0.037531,68.56,5522,0.0
3.33,43,0.037845,70.31,5681,0.0
3.34,41,0.035693,67.88,5384,0.0
3.35,37,0.034925,67.81,5396,0.0
3.36,39,0.036761,68.49,5471,0.0
3.37,36,0.033589,68.6,5568,0.0
3.38,34,0.033969,71.48,5746,0.0
3.39,33,0.033516,67.1,5301,0.0
3.4,35,0.033903,67.98,5433,0.0
3.41,34,0.033096,75.14,5998,0.0
3.42,31,0.033615,70.27,5562,0.0
3.43,31,0.031802,72.42,5788,0.0
3.44,30,0.030188,69.34,5532,0.0
3.45,31,0.033041,72.79,5805,0.0
3.46,28,0.029999,71.44,5694,0.0
3.47,25,0.030692,70.02,5675,0.0
3.48,25,0.031335,76.08,6068,0.0
3.49,28,0.03183,76.03,6084,0.0
3.5,25,0.031071,73.7,5893,0.0
3.51,26,0.03242,76.15,6066,0.0
3.52,26,0.031367,78.19,6259,0.0
3.53,24,0.029931,76.12,6092,0.0
3.54,22,0.030434,75.79,6067,0.0
3.55,24,0.031355,75.44,5992,0.0
3.56,19,0.029369,76.54,6112,0.0
3.57,21,0.027908,74.71,6014,0.0
3.58,22,0.027446,75.08,5997,0.0
3.59,19,0.027047,76.72,6145,0.0
3.6,16,0.027104,75.05,6012,0.0
3.61,20,0.028159,75.44,6056,0.0
3.62,16,0.026194,76.34,6135,0.0
3.63,18,0.02776,78.8,6295,0.0
3.64,13,0.023729,74.39,5905,0.0
3.65,20,0.028141,78.32,6204,0.0
3.66,16,0.027518,78.53,6333,0.0
3.67,13,0.025749,78.66,6331,0.0
3.68,14,0.026292,75.61,6081,0.0
3.69,14,0.027197,73.96,5957,0.0
3.7,12,0.024734,78.59,6279,0.0
3.71,13,0.024547,77.97,6206,0.0
3.72,13,0.02639,79.72,6328,0.0
3.73,10,0.025171,76.42,6059,0.0
3.74,13,0.025758,79.44,6415,0.0
3.75,13,0.02504,80.13,6385,0.0
3.76,14,0.025601,77.93,6287,0.0
3.77,9,0.022323,79.05,6314,0.0
3.78,12,0.025913,79.07,6291,0.0
3.79,8,0.024278,76.74,6084,0.0
3.8,9,0.022288,79.53,6332,0.0
3.81,8,0.024068,81.79,6614,0.0
3.82,4,0.022004,78.66,6238,0.0
3.83,5,0.020978,75.77,6167,0.0
3.84,5,0.020794,77.39,6149,0.0
3.85,10,0.024373,75.27,6059,0.0
3.86,8,0.022802,81.47,6510,0.0
3.87,8,0.02502,80.47,6421,0.0
3.88,11,0.025353,78.0,6176,0.0
3.89,6,0.022874,76.22,6092,0.0
3.9,7,0.023323,77.44,6137,0.0
3.91,5,0.023331,77.88,6146,0.0
3.92,7,0.023647,79.42,6359,0.0
3.93,3,0.0217,79.4,6320,0.0
3.94,9,0.02262,81.97,6641,0.0
3.95,4,0.024662,77.94,6285,0.0
3.96,6,0.021297,76.35,6192,0.0
3.97,7,0.022487,77.09,6133,0.0
3.98,8,0.021545,79.39,6358,0.0
3.99,10,0.024539,78.01,6109,0.0
4.0,5,0.022151,78.92,6299,0.0
4.01,2,0.021565,78.62,6294,0.0
4.02,5,0.020261,81.54,6530,0.0
4.03,7,0.023913,78.41,6270,0.0
4.04,4,0.020793,78.85,6311,0.0
4.05,5,0.021851,81.07,6349,0.0
4.06,3,0.022132,78.52,6294,0.0
4.07,7,0.023061,80.52,6465,0.0
4.08,9,0.023932,80.36,6495,0.0
4.09,7,0.023599,80.0,6418,0.0
4.1,2,0.021229,77.46,6190,0.0
4.11,6,0.022059,82.21,6632,0.0
4.12,9,0.023434,84.2,6618,0.0
4.13,3,0.021412,79.8,6358,0.0
4.14,8,0.022304,77.7,6177,0.0
4.15,7,0.023796,79.86,6387,0.0
4.16,6,0.022689,81.8,6434,0.0
4.17,10,0.024075,78.6,6353,0.0
4.18,5,0.023192,79.58,6353,0.0
4.19,5,0.02188,80.53,6458,0.0
4.2,5,0.021818,82.27,6592,0.0
4.21,5,0.021515,81.42,6576,0.0
4.22,4,0.021943,81.51,6427,0.0
4.23,10,0.024308,79.03,6328,0.0
4.24,3,0.020534,80.7,6513,0.0
4.25,2,0.020622,78.46,6271,0.0
4.26,6,0.02174,81.6,6480,0.0
4.27,4,0.020895,82.22,6547,0.0
4.28,4,0.02,81.03,6462,0.0
4.29,8,0.022969,79.19,6299,0.0
4.3,5,0.020298,79.52,6353,0.0
4.31,4,0.021137,83.55,6759,0.0
4.32,7,0.022187,79.24,6309,0.0
4.33,4,0.022652,82.04,6538,0.0
4.34,2,0.02,80.63,6473,0.0
4.35,2,0.020039,79.28,6333,0.0
4.36,3,0.020818,77.27,6115,0.0
4.37,3,0.02062,80.38,6427,0.0
4.38,8,0.024569,80.14,6406,0.0
4.39,6,0.021261,83.58,6735,0.0
4.4,0,0.02,78.25,6211,0.0
4.41,8,0.023532,84.56,6813,0.0
4.42,5,0.022881,80.73,6453,0.0
4.43,4,0.02122,80.73,6403,0.0
4.44,5,0.020082,78.79,6237,0.0
4.45,7,0.02265,80.61,6545,0.0
4.46,6,0.023752,80.93,6466,0.0
4.47,3,0.021482,81.86,6595,0.0
4.48,4,0.021836,78.03,6156,0.0
4.49,2,0.02,82.8,6755,0.0
4.5,4,0.020434,80.71,6501,0.0
4.51,1,0.020418,81.2,6483,0.0
4.52,9,0.022174,79.55,6348,0.0
4.53,3,0.021981,78.13,6287,0.0
4.54,1,0.02,80.13,6444,0.0
4.55,5,0.021975,80.36,6437,0.0
4.56,4,0.02,77.22,6178,0.0
4.57,6,0.022006,81.58,6554,0.0
4.58,5,0.020814,81.99,6472,0.0
4.59,8,0.020878,78.53,6263,0.0
4.6,5,0.022542,77.95,6153,0.0
4.61,7,0.024441,79.39,6381,0.0
4.62,4,0.022729,80.04,6369,0.0
4.63,1,0.021082,79.47,6279,0.0
4.64,5,0.021586,79.87,6349,0.0
4.65,4,0.022406,80.44,6442,0.0
4.66,3,0.022424,77.26,6170,0.0
4.67,2,0.020937,77.49,6140,0.0
4.68,12,0.023616,74.55,5878,0.0
4.69,5,0.021501,81.88,6554,0.0
4.7,10,0.025703,80.03,6373,0.0
4.71,6,0.022325,82.09,6554,0.0
4.72,1,0.02,77.72,6209,0.0
4.73,6,0.020931,80.05,6425,0.0
4.74,2,0.020376,80.43,6476,0.0
4.75,4,0.022636,78.87,6316,0.0
4.76,5,0.021727,76.89,6135,0.0
4.77,8,0.024254,83.49,6680,0.0
4.78,4,0.021074,82.8,6607,0.0
4.79,2,0.02,79.23,6256,0.0
4.8,1,0.02,81.02,6536,0.0
4.81,8,0.023545,79.03,6367,0.0
4.82,8,0.023462,78.01,6340,0.0
4.83,4,0.020345,83.65,6806,0.0
4.84,1,0.020049,76.69,6076,0.0
4.85,9,0.026285,79.43,6337,0.0
4.86,4,0.020367,80.17,6539,0.0
4.87,2,0.021461,83.3,6661,0.0
4.88,4,0.02,81.79,6555,0.0
4.89,3,0.022064,76.66,6056,0.0
4.9,8,0.022308,79.99,6406,0.0
4.91,9,0.024002,80.04,6499,0.0
4.92,4,0.020308,79.54,6427,0.0
4.93,4,0.021891,81.24,6468,0.0
4.94,5,0.021091,77.18,6154,0.0
4.95,11,0.023685,79.18,6277,0.0
4.96,8,0.023642,80.96,6434,0.0
4.97,6,0.02197,81.36,6413,0.0
4.98,2,0.02118,80.3,6419,0.0
4.99,8,0.023009,79.42,6429,0.0
